adminID,adminName,loginID,password,adminType
0,Jodi Stewart,0,%zPXKGTv5c,Super Admin
1,Kenneth Mills,1,^x6vEGw^35,Basic Rights
2,Ashley Garcia,2,wt7IDLKq$f,Super Admin
3,Jo Turner,3,)+9Wljh6A8,Basic Rights
4,Jeffrey Wright,4,@W1L3y&h9I,Super Admin
5,Kenneth Jimenez,5,!2BFD0hK&8,Basic Rights
6,Jill Hunt,6,Y3sOED9l*2,Super Admin
7,Christian Daniels,7,_5XgtOPz+c,Basic Rights
8,Jeffery Scott,8,+1_DysvpI8,Super Admin
9,Joseph Herrera,9,)0#4)UDadp,Basic Rights
10,Nathan Santana,10,v(8vEh2v)Y,Super Admin
11,David Schroeder,11,^oqeNGi0S4,Basic Rights
12,Jacqueline Schroeder,12,FDd+On1A!4,Super Admin
13,Ms. Suzanne Woodard,13,+OO4w^k5E6,Basic Rights
14,Rachel Boyd,14,ds5COPvd*Z,Super Admin
15,Kimberly Lamb,15,i25Ikp4G(z,Basic Rights
16,Michael Brown,16,rqmq40Bp%),Super Admin
17,Rachel Lopez,17,I&9GOmEWHP,Basic Rights
18,Rachel Vazquez,18,I)E4JmH5RX,Super Admin
19,Cynthia Casey,19,K^Y4%GIexF,Basic Rights
20,Heather Smith,20,09V3n2@#)R,Super Admin
21,Kristi Lopez,21,z&Dq6vRu*L,Basic Rights
22,Gregory Stephens,22,OjW8)Im%9^,Super Admin
23,Matthew Sanchez,23,+_FeSat87^,Basic Rights
24,Thomas Bell,24,N%)H3U*zm0,Super Admin
25,Benjamin Taylor,25,(r&2DEZmuI,Basic Rights
26,Teresa Mason,26,#t0BGx+hh@,Super Admin
27,Richard Mathews,27,%7sLWJez&2,Basic Rights
28,Emily Rodriguez,28,^NPVvfnW12,Super Admin
29,Dana Arnold,29,@9VKNLe3&9,Basic Rights
30,Tyler Bell,30,Md5CI1Rc^v,Super Admin
31,Michael Hood,31,*vMmy!I3r8,Basic Rights
32,Jenna Hubbard,32,+n6URaATW3,Super Admin
33,Jessica Hill,33,5l$!2XHaH6,Basic Rights
34,Brenda Lopez,34,%65*K5$4Cu,Super Admin
35,Christopher Burns,35,$TSWTgfe0U,Basic Rights
36,Chelsea Williams,36,&Z@9JfueaA,Super Admin
37,Nicolas Williams,37,l83SQsk6@x,Basic Rights
38,Mark Haynes,38,)3+lWtawfZ,Super Admin
39,Alexander Jackson,39,rSnM69Rx%&,Basic Rights
40,Emily Reyes,40,+8s8oLYmf%,Super Admin
41,Jennifer Smith,41,*7WMbFiHi5,Basic Rights
42,Justin Ward,42,F6%4InWD$V,Super Admin
43,Dawn Roberts,43,(gO8SwLBDJ,Basic Rights
44,Angela Martinez,44,u1Ydxb2B%0,Super Admin
45,Terri Miller,45,4F8BOUwGc#,Basic Rights
46,Marissa Hall,46,*W3Ahp%i&T,Super Admin
47,Laura Carter,47,T59XK1Fi@f,Basic Rights
48,Mrs. Lisa Mueller,48,9llQFPdq#Q,Super Admin
49,David Gonzalez,49,)pN3Bj8dG3,Basic Rights
50,Christopher Lang,50,*S_n6Rzs3&,Super Admin
51,Sherry Cooper,51,1&$3YPAuE4,Basic Rights
52,Miranda Foster,52,q$7uy7Ye0Q,Super Admin
53,Ashley Miller,53,^a5rGto+8u,Basic Rights
54,Jose Martin,54,nM(1)SxjCY,Super Admin
55,Matthew Zimmerman,55,tF_W6Mte^w,Basic Rights
56,Eric Clark,56,7#43KKCw&t,Super Admin
57,Justin Whitney,57,^ORxSSMn_8,Basic Rights
58,Deborah Simmons,58,Ie(M7QSe%f,Super Admin
59,Christina Sanchez,59,)7@KFsgL(z,Basic Rights
60,Amy Baker,60,*0tFdKkOWv,Super Admin
61,Haley Williams,61,L8EXkdTm+M,Basic Rights
62,James Ramsey,62,*2AiIhmf#H,Super Admin
63,Kathryn Hurley,63,%h++C9Hwb9,Basic Rights
64,Anna Chavez,64,UN9pF)JcY$,Super Admin
65,Dr. Joshua Fox MD,65,@Qfm9J3pXS,Basic Rights
66,Karen Villa,66,*B#9_SeyF&,Super Admin
67,Wendy Russell,67,P*5uJampV_,Basic Rights
68,Lisa Bullock,68,&zHXv$_VP9,Super Admin
69,Luis Hernandez,69,OsPs9xRU(2,Basic Rights
70,Stacy Jacobs,70,VRG8gKVd+9,Super Admin
71,Stephen Gonzalez,71,V%Q57qUl!y,Basic Rights
72,Nancy Russell,72,g32)Y0bp_C,Super Admin
73,Charles Myers,73,8+n9VSUcbh,Basic Rights
74,Ashlee Larson,74,p16OMzIJ&@,Super Admin
75,Nicole Smith,75,joo&X6JaI%,Basic Rights
76,Donna Moore,76,$Fs0Gtqx@F,Super Admin
77,Robin Anderson,77,8x2GDDy^!!,Basic Rights
78,Kathleen Torres,78,E8K1JQEo&u,Super Admin
79,Belinda Howard,79,d%8Yxcf3&T,Basic Rights
80,Nicole Rangel,80,moHF_2OoU_,Super Admin
81,Morgan Crawford,81,Hc(w7xGu)O,Basic Rights
82,Kyle Guzman,82,WNo$1cKiuw,Super Admin
83,Martha Phelps,83,2PCgq0!@_r,Basic Rights
84,Joy Morgan,84,d%1O8Qe4Jd,Super Admin
85,Justin Sanchez,85,c)o1RPqouQ,Basic Rights
86,Dennis Hill,86,!#k*f5Hhwj,Super Admin
87,Theresa Martinez,87,w@6_AP8l(I,Basic Rights
88,Mandy Clark,88,#&cJeypG)2,Super Admin
89,Nicholas Baker,89,pS17LLi#c(,Basic Rights
90,Glenn Turner,90,U2P(kdV8!m,Super Admin
91,Elizabeth Smith,91,$0Ac+^bIv^,Basic Rights
92,Jacqueline Mays,92,B4^6bVbwOr,Super Admin
93,John Hart,93,s6(ILmqk#7,Basic Rights
94,Mrs. Cristina Gonzalez,94,A@Uo51SkXV,Super Admin
95,Jacob Brady,95,#7$7J5_eFM,Basic Rights
96,Alice Griffin,96,_0P)WS@vyS,Super Admin
97,Kyle Gallegos,97,*G2ZUFXt*&,Basic Rights
98,Mary Cross,98,aY&54SpMgJ,Super Admin
99,Wayne Huang Jr.,99,@uL!QLoy+4,Basic Rights
